<?xml version="1.0" encoding="UTF-8"?>
<project-private xmlns="http://www.netbeans.org/ns/project-private/1">
    <editor-bookmarks xmlns="http://www.netbeans.org/ns/editor-bookmarks/2" lastBookmarkId="0"/>
    <open-files xmlns="http://www.netbeans.org/ns/projectui-open-files/2">
        <group>
            <file>file:/C:/Users/medab/Desktop/EDUCATION/parson/templates/course/edit.html.twig</file>
            <file>file:/C:/Users/medab/Desktop/EDUCATION/parson/templates/task/edit.html.twig</file>
            <file>file:/C:/Users/medab/Desktop/EDUCATION/parson/templates/course/show.html.twig</file>
            <file>file:/C:/Users/medab/Desktop/EDUCATION/parson/src/Form/TaskType.php</file>
            <file>file:/C:/Users/medab/Desktop/EDUCATION/parson/src/Entity/Task.php</file>
            <file>file:/C:/Users/medab/Desktop/EDUCATION/parson/templates/course/_form.html.twig</file>
            <file>file:/C:/Users/medab/Desktop/EDUCATION/parson/templates/task/index.html.twig</file>
            <file>file:/C:/Users/medab/Desktop/EDUCATION/parson/templates/task/new.html.twig</file>
            <file>file:/C:/Users/medab/Desktop/EDUCATION/parson/templates/task/_form.html.twig</file>
            <file>file:/C:/Users/medab/Desktop/EDUCATION/parson/templates/task/show.html.twig</file>
            <file>file:/C:/Users/medab/Desktop/EDUCATION/parson/templates/course/new.html.twig</file>
            <file>file:/C:/Users/medab/Desktop/EDUCATION/parson/templates/task/_delete_form.html.twig</file>
        </group>
    </open-files>
</project-private>
